<?xml version="1.0" encoding="UTF-8"?>
<!DOCTYPE hibernate-configuration PUBLIC "-//Hibernate/Hibernate Configuration DTD 3.0//EN"
                                         "http://hibernate.sourceforge.net/hibernate-configuration-3.0.dtd">
<hibernate-configuration>
 <session-factory>
  <property name="hibernate.connection.driver_class">com.mysql.jdbc.Driver</property>
  <property name="hibernate.connection.url">jdbc:mysql://localhost:3306/lab8</property>
  <property name="hibernate.connection.username">root</property>
  <property name="hibernate.connection.password">root</property>
  <property name="hibernate.dialect">org.hibernate.dialect.MySQLDialect</property>
  
  <mapping resource="Advert.hbm.xml"/>
  <mapping resource="Category.hbm.xml"/>
  <mapping resource="User.hbm.xml"/>
  <mapping resource="Email.hbm.xml"/>
  
 </session-factory>
</hibernate-configuration>
