<?xml version="1.0" encoding="UTF-8"?>
<project-private xmlns="http://www.netbeans.org/ns/project-private/1">
    <editor-bookmarks xmlns="http://www.netbeans.org/ns/editor-bookmarks/2" lastBookmarkId="1">
        <file>
            <url>src/java/com/neu/edu/tag/TagHandle.java</url>
            <bookmark id="1">
                <name/>
                <line>39</line>
                <key/>
            </bookmark>
        </file>
    </editor-bookmarks>
    <open-files xmlns="http://www.netbeans.org/ns/projectui-open-files/2">
        <group>
            <file>file:/C:/Users/Rakesh/Documents/NetBeansProjects/Web_sssignment4_part5/web/WEB-INF/jsp/mytag.jsp</file>
            <file>file:/C:/Users/Rakesh/Documents/NetBeansProjects/Web_sssignment4_part5/web/WEB-INF/web.xml</file>
            <file>file:/C:/Users/Rakesh/Documents/NetBeansProjects/Web_sssignment4_part5/src/java/com/neu/edu/pojo/SalesOrder.java</file>
            <file>file:/C:/Users/Rakesh/Documents/NetBeansProjects/Web_sssignment4_part5/web/WEB-INF/jsp/index.jsp</file>
            <file>file:/C:/Users/Rakesh/Documents/NetBeansProjects/Web_sssignment4_part5/src/java/com/neu/edu/tag/TagHandle.java</file>
            <file>file:/C:/Users/Rakesh/Documents/NetBeansProjects/Web_sssignment4_part5/web/WEB-INF/jsp/csvView.jsp</file>
            <file>file:/C:/Users/Rakesh/Documents/NetBeansProjects/Web_sssignment4_part5/src/java/com/neu/edu/DAO/DAO.java</file>
            <file>file:/C:/Users/Rakesh/Documents/NetBeansProjects/Web_sssignment4_part5/src/java/com/neu/edu/servlet/AbstractControllerNew.java</file>
            <file>file:/C:/Users/Rakesh/Documents/NetBeansProjects/Web_sssignment4_part5/src/java/com/neu/edu/DAO/SalesOrderDAO.java</file>
        </group>
    </open-files>
</project-private>
